<?xml version="1.0" encoding="UTF-8"?>
<!-- 
    WordPress eXtended RSS (WXR) Import File
    Generated for: Eat Is Family - Activities
    Import via: WordPress Admin > Tools > Import > WordPress
-->
<rss version="2.0"
    xmlns:excerpt="http://wordpress.org/export/1.2/excerpt/"
    xmlns:content="http://purl.org/rss/1.0/modules/content/"
    xmlns:wfw="http://wellformedweb.org/CommentAPI/"
    xmlns:dc="http://purl.org/dc/elements/1.1/"
    xmlns:wp="http://wordpress.org/export/1.2/"
>
<channel>
    <title>Eat Is Family - Activities</title>
    <link>https://eatisfamily.com</link>
    <description>Activities import for Eat Is Family website</description>
    <pubDate>Mon, 27 Jan 2026 00:00:00 +0000</pubDate>
    <language>en-US</language>
    <wp:wxr_version>1.2</wp:wxr_version>
    <wp:base_site_url>https://eatisfamily.com</wp:base_site_url>
    <wp:base_blog_url>https://eatisfamily.com</wp:base_blog_url>

    <!-- Activity 1: Italian Cuisine Cooking Workshop -->
    <item>
        <title><![CDATA[Italian Cuisine Cooking Workshop]]></title>
        <link>https://eatisfamily.com/activity/cooking-workshop-italian-cuisine/</link>
        <pubDate>Thu, 15 Jan 2026 18:00:00 +0000</pubDate>
        <dc:creator><![CDATA[admin]]></dc:creator>
        <guid isPermaLink="false">https://eatisfamily.com/?post_type=activity&amp;p=1</guid>
        <description></description>
        <content:encoded><![CDATA[<p>Join us for an immersive Italian cooking experience! In this hands-on workshop, you'll learn to make fresh pasta from scratch, prepare classic sauces like carbonara and amatriciana, and master the art of Italian desserts.</p><p>Our experienced chef will guide you through each step, sharing tips and techniques passed down through generations. You'll leave with new skills, delicious recipes, and a full stomach!</p><h3>What You'll Learn:</h3><ul><li>Making fresh pasta dough</li><li>Rolling and shaping different pasta types</li><li>Preparing traditional Italian sauces</li><li>Creating authentic tiramisu</li></ul>]]></content:encoded>
        <excerpt:encoded><![CDATA[Learn to prepare authentic Italian dishes with our expert chef. From fresh pasta to traditional sauces, discover the secrets of Italian cooking.]]></excerpt:encoded>
        <wp:post_id>1</wp:post_id>
        <wp:post_date><![CDATA[2026-01-15 18:00:00]]></wp:post_date>
        <wp:post_date_gmt><![CDATA[2026-01-15 18:00:00]]></wp:post_date_gmt>
        <wp:post_modified><![CDATA[2026-01-15 18:00:00]]></wp:post_modified>
        <wp:post_modified_gmt><![CDATA[2026-01-15 18:00:00]]></wp:post_modified_gmt>
        <wp:comment_status><![CDATA[closed]]></wp:comment_status>
        <wp:ping_status><![CDATA[closed]]></wp:ping_status>
        <wp:post_name><![CDATA[cooking-workshop-italian-cuisine]]></wp:post_name>
        <wp:status><![CDATA[publish]]></wp:status>
        <wp:post_parent>0</wp:post_parent>
        <wp:menu_order>0</wp:menu_order>
        <wp:post_type><![CDATA[activity]]></wp:post_type>
        <wp:post_password><![CDATA[]]></wp:post_password>
        <wp:is_sticky>0</wp:is_sticky>
        <wp:postmeta>
            <wp:meta_key><![CDATA[original_id]]></wp:meta_key>
            <wp:meta_value><![CDATA[1]]></wp:meta_value>
        </wp:postmeta>
        <wp:postmeta>
            <wp:meta_key><![CDATA[activity_date]]></wp:meta_key>
            <wp:meta_value><![CDATA[2026-01-15T18:00:00]]></wp:meta_value>
        </wp:postmeta>
        <wp:postmeta>
            <wp:meta_key><![CDATA[location]]></wp:meta_key>
            <wp:meta_value><![CDATA[Culinary Studio, 123 Rue de la Cuisine, Paris]]></wp:meta_value>
        </wp:postmeta>
        <wp:postmeta>
            <wp:meta_key><![CDATA[capacity]]></wp:meta_key>
            <wp:meta_value><![CDATA[12]]></wp:meta_value>
        </wp:postmeta>
        <wp:postmeta>
            <wp:meta_key><![CDATA[available_spots]]></wp:meta_key>
            <wp:meta_value><![CDATA[5]]></wp:meta_value>
        </wp:postmeta>
        <wp:postmeta>
            <wp:meta_key><![CDATA[category]]></wp:meta_key>
            <wp:meta_value><![CDATA[Cooking]]></wp:meta_value>
        </wp:postmeta>
        <wp:postmeta>
            <wp:meta_key><![CDATA[price]]></wp:meta_key>
            <wp:meta_value><![CDATA[€85]]></wp:meta_value>
        </wp:postmeta>
        <wp:postmeta>
            <wp:meta_key><![CDATA[duration]]></wp:meta_key>
            <wp:meta_value><![CDATA[3 hours]]></wp:meta_value>
        </wp:postmeta>
        <wp:postmeta>
            <wp:meta_key><![CDATA[featured_image_url]]></wp:meta_key>
            <wp:meta_value><![CDATA[https://images.unsplash.com/photo-1556910103-1c02745aae4d?w=800]]></wp:meta_value>
        </wp:postmeta>
        <wp:postmeta>
            <wp:meta_key><![CDATA[status]]></wp:meta_key>
            <wp:meta_value><![CDATA[open]]></wp:meta_value>
        </wp:postmeta>
    </item>

    <!-- Activity 2: Bordeaux Wine Tasting Experience -->
    <item>
        <title><![CDATA[Bordeaux Wine Tasting Experience]]></title>
        <link>https://eatisfamily.com/activity/wine-tasting-bordeaux/</link>
        <pubDate>Thu, 22 Jan 2026 19:00:00 +0000</pubDate>
        <dc:creator><![CDATA[admin]]></dc:creator>
        <guid isPermaLink="false">https://eatisfamily.com/?post_type=activity&amp;p=2</guid>
        <description></description>
        <content:encoded><![CDATA[<p>Embark on a sensory journey through the prestigious wine region of Bordeaux. Our certified sommelier will guide you through a carefully curated selection of red, white, and dessert wines.</p><p>You'll learn about the terroir, grape varieties, and winemaking techniques that make Bordeaux wines world-renowned. Each wine will be paired with artisanal cheeses and charcuterie to enhance the tasting experience.</p><h3>Experience Includes:</h3><ul><li>Tasting of 6 premium Bordeaux wines</li><li>Expert sommelier guidance</li><li>Cheese and charcuterie pairings</li><li>Wine tasting notes and guide</li></ul>]]></content:encoded>
        <excerpt:encoded><![CDATA[Discover the rich flavors of Bordeaux wines with our sommelier-led tasting session. Perfect for wine enthusiasts and beginners alike.]]></excerpt:encoded>
        <wp:post_id>2</wp:post_id>
        <wp:post_date><![CDATA[2026-01-22 19:00:00]]></wp:post_date>
        <wp:post_date_gmt><![CDATA[2026-01-22 19:00:00]]></wp:post_date_gmt>
        <wp:post_modified><![CDATA[2026-01-22 19:00:00]]></wp:post_modified>
        <wp:post_modified_gmt><![CDATA[2026-01-22 19:00:00]]></wp:post_modified_gmt>
        <wp:comment_status><![CDATA[closed]]></wp:comment_status>
        <wp:ping_status><![CDATA[closed]]></wp:ping_status>
        <wp:post_name><![CDATA[wine-tasting-bordeaux]]></wp:post_name>
        <wp:status><![CDATA[publish]]></wp:status>
        <wp:post_parent>0</wp:post_parent>
        <wp:menu_order>0</wp:menu_order>
        <wp:post_type><![CDATA[activity]]></wp:post_type>
        <wp:post_password><![CDATA[]]></wp:post_password>
        <wp:is_sticky>0</wp:is_sticky>
        <wp:postmeta>
            <wp:meta_key><![CDATA[original_id]]></wp:meta_key>
            <wp:meta_value><![CDATA[2]]></wp:meta_value>
        </wp:postmeta>
        <wp:postmeta>
            <wp:meta_key><![CDATA[activity_date]]></wp:meta_key>
            <wp:meta_value><![CDATA[2026-01-22T19:00:00]]></wp:meta_value>
        </wp:postmeta>
        <wp:postmeta>
            <wp:meta_key><![CDATA[location]]></wp:meta_key>
            <wp:meta_value><![CDATA[Wine Bar Le Sommelier, 45 Avenue des Vins, Bordeaux]]></wp:meta_value>
        </wp:postmeta>
        <wp:postmeta>
            <wp:meta_key><![CDATA[capacity]]></wp:meta_key>
            <wp:meta_value><![CDATA[20]]></wp:meta_value>
        </wp:postmeta>
        <wp:postmeta>
            <wp:meta_key><![CDATA[available_spots]]></wp:meta_key>
            <wp:meta_value><![CDATA[12]]></wp:meta_value>
        </wp:postmeta>
        <wp:postmeta>
            <wp:meta_key><![CDATA[category]]></wp:meta_key>
            <wp:meta_value><![CDATA[Wine & Spirits]]></wp:meta_value>
        </wp:postmeta>
        <wp:postmeta>
            <wp:meta_key><![CDATA[price]]></wp:meta_key>
            <wp:meta_value><![CDATA[€65]]></wp:meta_value>
        </wp:postmeta>
        <wp:postmeta>
            <wp:meta_key><![CDATA[duration]]></wp:meta_key>
            <wp:meta_value><![CDATA[2 hours]]></wp:meta_value>
        </wp:postmeta>
        <wp:postmeta>
            <wp:meta_key><![CDATA[featured_image_url]]></wp:meta_key>
            <wp:meta_value><![CDATA[https://images.unsplash.com/photo-1510812431401-41d2bd2722f3?w=800]]></wp:meta_value>
        </wp:postmeta>
        <wp:postmeta>
            <wp:meta_key><![CDATA[status]]></wp:meta_key>
            <wp:meta_value><![CDATA[open]]></wp:meta_value>
        </wp:postmeta>
    </item>

    <!-- Activity 3: French Pastry Masterclass -->
    <item>
        <title><![CDATA[French Pastry Masterclass]]></title>
        <link>https://eatisfamily.com/activity/french-pastry-masterclass/</link>
        <pubDate>Thu, 05 Feb 2026 14:00:00 +0000</pubDate>
        <dc:creator><![CDATA[admin]]></dc:creator>
        <guid isPermaLink="false">https://eatisfamily.com/?post_type=activity&amp;p=3</guid>
        <description></description>
        <content:encoded><![CDATA[<p>Dive into the elegant world of French pastry in this comprehensive masterclass. You'll work alongside our award-winning pastry chef to create classic French desserts from scratch.</p><p>This intensive workshop covers the fundamental techniques of French pastry-making, from laminating dough for perfect croissants to piping delicate éclairs and mastering the temperamental macaron.</p><h3>What You'll Create:</h3><ul><li>Buttery croissants with perfect layers</li><li>Chocolate éclairs with pastry cream</li><li>Colorful French macarons</li><li>Tarte Tatin</li></ul><p>All ingredients and equipment are provided. You'll take home your creations plus a recipe booklet.</p>]]></content:encoded>
        <excerpt:encoded><![CDATA[Master the art of French pastry with our award-winning pastry chef. Learn to create croissants, éclairs, and macarons.]]></excerpt:encoded>
        <wp:post_id>3</wp:post_id>
        <wp:post_date><![CDATA[2026-02-05 14:00:00]]></wp:post_date>
        <wp:post_date_gmt><![CDATA[2026-02-05 14:00:00]]></wp:post_date_gmt>
        <wp:post_modified><![CDATA[2026-02-05 14:00:00]]></wp:post_modified>
        <wp:post_modified_gmt><![CDATA[2026-02-05 14:00:00]]></wp:post_modified_gmt>
        <wp:comment_status><![CDATA[closed]]></wp:comment_status>
        <wp:ping_status><![CDATA[closed]]></wp:ping_status>
        <wp:post_name><![CDATA[french-pastry-masterclass]]></wp:post_name>
        <wp:status><![CDATA[publish]]></wp:status>
        <wp:post_parent>0</wp:post_parent>
        <wp:menu_order>0</wp:menu_order>
        <wp:post_type><![CDATA[activity]]></wp:post_type>
        <wp:post_password><![CDATA[]]></wp:post_password>
        <wp:is_sticky>0</wp:is_sticky>
        <wp:postmeta>
            <wp:meta_key><![CDATA[original_id]]></wp:meta_key>
            <wp:meta_value><![CDATA[3]]></wp:meta_value>
        </wp:postmeta>
        <wp:postmeta>
            <wp:meta_key><![CDATA[activity_date]]></wp:meta_key>
            <wp:meta_value><![CDATA[2026-02-05T14:00:00]]></wp:meta_value>
        </wp:postmeta>
        <wp:postmeta>
            <wp:meta_key><![CDATA[location]]></wp:meta_key>
            <wp:meta_value><![CDATA[Pâtisserie École, 78 Boulevard Saint-Germain, Paris]]></wp:meta_value>
        </wp:postmeta>
        <wp:postmeta>
            <wp:meta_key><![CDATA[capacity]]></wp:meta_key>
            <wp:meta_value><![CDATA[10]]></wp:meta_value>
        </wp:postmeta>
        <wp:postmeta>
            <wp:meta_key><![CDATA[available_spots]]></wp:meta_key>
            <wp:meta_value><![CDATA[3]]></wp:meta_value>
        </wp:postmeta>
        <wp:postmeta>
            <wp:meta_key><![CDATA[category]]></wp:meta_key>
            <wp:meta_value><![CDATA[Baking]]></wp:meta_value>
        </wp:postmeta>
        <wp:postmeta>
            <wp:meta_key><![CDATA[price]]></wp:meta_key>
            <wp:meta_value><![CDATA[€120]]></wp:meta_value>
        </wp:postmeta>
        <wp:postmeta>
            <wp:meta_key><![CDATA[duration]]></wp:meta_key>
            <wp:meta_value><![CDATA[4 hours]]></wp:meta_value>
        </wp:postmeta>
        <wp:postmeta>
            <wp:meta_key><![CDATA[featured_image_url]]></wp:meta_key>
            <wp:meta_value><![CDATA[https://images.unsplash.com/photo-1509440159596-0249088772ff?w=800]]></wp:meta_value>
        </wp:postmeta>
        <wp:postmeta>
            <wp:meta_key><![CDATA[status]]></wp:meta_key>
            <wp:meta_value><![CDATA[open]]></wp:meta_value>
        </wp:postmeta>
    </item>

    <!-- Activity 4: Artisanal Cheese Making Workshop -->
    <item>
        <title><![CDATA[Artisanal Cheese Making Workshop]]></title>
        <link>https://eatisfamily.com/activity/cheese-making-workshop/</link>
        <pubDate>Thu, 12 Feb 2026 10:00:00 +0000</pubDate>
        <dc:creator><![CDATA[admin]]></dc:creator>
        <guid isPermaLink="false">https://eatisfamily.com/?post_type=activity&amp;p=4</guid>
        <description></description>
        <content:encoded><![CDATA[<p>Discover the fascinating process of transforming milk into delicious artisanal cheese. In this hands-on workshop, you'll learn traditional cheese-making techniques and create several types of cheese.</p><p>Our expert cheese maker will guide you through each step, from curdling and molding to aging and flavoring. You'll understand the science behind cheese making and gain skills to continue your cheese-making journey at home.</p><h3>Workshop Highlights:</h3><ul><li>Make fresh mozzarella and ricotta</li><li>Learn about cheese cultures and aging</li><li>Create flavored cheese varieties</li><li>Cheese tasting session</li><li>Take home your handmade cheeses</li></ul>]]></content:encoded>
        <excerpt:encoded><![CDATA[Learn the ancient art of cheese making and create your own artisanal cheeses to take home.]]></excerpt:encoded>
        <wp:post_id>4</wp:post_id>
        <wp:post_date><![CDATA[2026-02-12 10:00:00]]></wp:post_date>
        <wp:post_date_gmt><![CDATA[2026-02-12 10:00:00]]></wp:post_date_gmt>
        <wp:post_modified><![CDATA[2026-02-12 10:00:00]]></wp:post_modified>
        <wp:post_modified_gmt><![CDATA[2026-02-12 10:00:00]]></wp:post_modified_gmt>
        <wp:comment_status><![CDATA[closed]]></wp:comment_status>
        <wp:ping_status><![CDATA[closed]]></wp:ping_status>
        <wp:post_name><![CDATA[cheese-making-workshop]]></wp:post_name>
        <wp:status><![CDATA[publish]]></wp:status>
        <wp:post_parent>0</wp:post_parent>
        <wp:menu_order>0</wp:menu_order>
        <wp:post_type><![CDATA[activity]]></wp:post_type>
        <wp:post_password><![CDATA[]]></wp:post_password>
        <wp:is_sticky>0</wp:is_sticky>
        <wp:postmeta>
            <wp:meta_key><![CDATA[original_id]]></wp:meta_key>
            <wp:meta_value><![CDATA[4]]></wp:meta_value>
        </wp:postmeta>
        <wp:postmeta>
            <wp:meta_key><![CDATA[activity_date]]></wp:meta_key>
            <wp:meta_value><![CDATA[2026-02-12T10:00:00]]></wp:meta_value>
        </wp:postmeta>
        <wp:postmeta>
            <wp:meta_key><![CDATA[location]]></wp:meta_key>
            <wp:meta_value><![CDATA[Fromagerie Artisanale, 34 Rue du Fromage, Lyon]]></wp:meta_value>
        </wp:postmeta>
        <wp:postmeta>
            <wp:meta_key><![CDATA[capacity]]></wp:meta_key>
            <wp:meta_value><![CDATA[15]]></wp:meta_value>
        </wp:postmeta>
        <wp:postmeta>
            <wp:meta_key><![CDATA[available_spots]]></wp:meta_key>
            <wp:meta_value><![CDATA[8]]></wp:meta_value>
        </wp:postmeta>
        <wp:postmeta>
            <wp:meta_key><![CDATA[category]]></wp:meta_key>
            <wp:meta_value><![CDATA[Cooking]]></wp:meta_value>
        </wp:postmeta>
        <wp:postmeta>
            <wp:meta_key><![CDATA[price]]></wp:meta_key>
            <wp:meta_value><![CDATA[€75]]></wp:meta_value>
        </wp:postmeta>
        <wp:postmeta>
            <wp:meta_key><![CDATA[duration]]></wp:meta_key>
            <wp:meta_value><![CDATA[3.5 hours]]></wp:meta_value>
        </wp:postmeta>
        <wp:postmeta>
            <wp:meta_key><![CDATA[featured_image_url]]></wp:meta_key>
            <wp:meta_value><![CDATA[https://images.unsplash.com/photo-1452195100486-9cc805987862?w=800]]></wp:meta_value>
        </wp:postmeta>
        <wp:postmeta>
            <wp:meta_key><![CDATA[status]]></wp:meta_key>
            <wp:meta_value><![CDATA[open]]></wp:meta_value>
        </wp:postmeta>
    </item>

</channel>
</rss>
